cluster,text_summary,cluster_count
-1,"This cluster of feedback reflects significant customer dissatisfaction with the bank’s credit card rewards program and billing transparency. While customers generally express long-term loyalty to the bank’s other services, the credit card department is perceived as a major pain point.

**Main Themes and Issues:**

*   **Rewards Program Devaluation and Complexity:** A primary concern is the recent, perceived ""hidden"" devaluation of the rewards program. Customers report that it is now significantly harder to earn points and that redemption thresholds for travel vouchers have increased. There is widespread frustration regarding the lack of clear communication or rationale provided for these changes.
*   **Systemic Tracking and Technical Failures:** Multiple users report discrepancies where points are not being credited correctly or balances are failing to update after purchases. Users note a lack of transparency in the app, requesting a better breakdown of pending versus confirmed points. Furthermore, the online redemption portal is described as unstable, with frequent timeouts.
*   **Poor Customer Support Experience:** When attempting to resolve these issues, customers report a lack of accountability from support staff. Common complaints include being passed between departments, receiving scripted or conflicting information, and staff being unable to access previous ticket history—forcing customers to repeat their issues.
*   **Billing and Posting Disputes:** A specific, recurring grievance involves interest charges applied to accounts paid in full by the due date. The bank’s policy—where payments initiated on the due date are not ""posted"" until the following day—is viewed by customers as an unfair, ""hidden trap"" that penalizes responsible behavior.

**Sentiment and Impact:**
The sentiment is predominantly negative and frustrated. Long-term, loyal customers feel that their patronage is being undervalued. There is a strong sense of urgency, with many customers explicitly threatening to cancel their credit cards and switch to competitors if these issues are not rectified. 

**Desired Resolutions:**
Customers are seeking more than template responses. They expect manual audits of their accounts, the reversal of unfair interest charges, and a transparent, detailed explanation of the rewards structure. There is a clear demand for a more ""customer-centric"" digital interface and a more knowledgeable, empowered support team capable of resolving issues definitively.",8
0,"This cluster of feedback reflects an exceptionally high level of customer satisfaction across multiple branch locations, specifically noting BR-BALI-003 and BR-JAVA-006. Customers consistently describe their experiences as ""seamless,"" ""professional,"" and ""efficient,"" frequently highlighting that even during peak hours, service standards remain high.

### Main Themes
*   **Service Excellence:** The primary driver of satisfaction is the staff’s demeanor. Employees are frequently praised for being patient, knowledgeable, and genuinely helpful, particularly when handling complex tasks like mortgage consultations, wire transfers, or resolving transaction issues. Customers value that staff take the time to explain products (interest rates, account tiers) without being ""pushy"" or overly sales-oriented.
*   **Operational Efficiency:** Minimal wait times and effective queue management—supported by digital kiosks and tablets—are recurring highlights. Customers appreciate the clean, well-organized, and welcoming environment of the branches, which significantly improves the overall banking experience.
*   **Digital Integration:** There is strong positive sentiment toward the bank’s digital evolution. The mobile app’s new interface, budgeting tools, and in-branch tablets for self-service tasks are seen as valuable, intuitive additions that empower customers to manage their finances independently.
*   **Security and Trust:** Customers expressed high levels of peace of mind regarding the bank’s security protocols. Proactive fraud detection, clear communication about security features, and support provided during incidents (e.g., lost debit cards) have significantly bolstered customer loyalty.

### Issues and Suggestions
*   **Mortgage Documentation:** While consultations are highly rated, one customer noted that mortgage documentation is dense and requested simplified summaries or visual comparison tables for first-time buyers.
*   **Digital Empowerment:** Customers suggested expanding the functionality of in-branch tablets to include more complex tasks, such as scheduling appointments or updating personal details directly.

### Sentiment
The sentiment is overwhelmingly positive. Long-term customers (10+ years) and new clients alike feel valued and confident in the institution. The consistency of this high-quality service across different channels—in-branch, phone support, and digital—is a recurring theme that reinforces customer loyalty and drives brand advocacy.",56
1,"This cluster of feedback highlights a widespread and severe degradation in the stability and usability of the bank’s digital channels, specifically the mobile app and the internet banking portal. Customers express extreme frustration, as many rely on these tools for daily financial management, bill payments, and urgent transfers.

**Main Themes and Issues:**
*   **Systemic Instability and Outages:** Users across both platforms report frequent crashes, ""server unavailable"" errors, and session timeouts. These issues are persistent, often occurring during critical tasks like fund transfers or login attempts. Many users feel the digital infrastructure is failing to handle current traffic volumes.
*   **Failed Authentication:** A significant number of users are locked out of their accounts. This includes login crashes (particularly with biometrics), password reset loops, and failures in the SMS verification gateway (codes not arriving or expiring).
*   **Poor UI/UX Post-Update:** Feedback following recent updates indicates that while the new interface is aesthetically ""modern,"" it is functionally regressive. Key features like transaction history and fund transfers are buried under multiple sub-menus, creating unnecessary friction. Users also report broken search functionality and poor visual contrast.
*   **Inadequate Support:** Customers are highly dissatisfied with the support response. They report long hold times (often 40+ minutes) and unhelpful, scripted responses from chatbots or representatives that offer generic troubleshooting (e.g., clearing cache, reinstalling) that has already been attempted by the user.
*   **Lack of Communication:** A major pain point is the lack of transparency regarding outages. Customers note that official status pages often report ""all systems operational"" during periods of total failure, leaving them to guess whether the issue is local or server-side.

**Sentiment:**
The sentiment is overwhelmingly negative. Long-term, loyal customers are explicitly stating they are considering moving their funds to competitors due to the unreliability of the platform and the resulting financial stress (e.g., late fees on missed bill payments).

**Summary Recommendation:**
The bank must prioritize stabilizing the backend infrastructure to resolve consistent crashes and authentication failures. Furthermore, the digital team should address the navigation regression by either restoring ""quick-access"" features to the dashboard or implementing a customizable interface, while improving communication protocols during service disruptions.",56
2,"This cluster of feedback reflects significant customer dissatisfaction centered on billing discrepancies, fee transparency, and poor service recovery. The primary themes are unauthorized or unexplained fees, technical system errors, and ineffective communication channels.

**Main Themes and Issues:**
* **Unexpected Fees:** A large number of customers report being charged maintenance, overdraft, or administrative fees despite maintaining minimum balance requirements or having accounts that should be fee-free. Many customers note that these charges were applied without prior notice or clear explanation.
* **Technical System Failures:** Numerous reports involve duplicate transactions, erroneous overdraft triggers, and card declines (both credit and debit). Specific issues include ATMs failing to dispense cash while still debiting accounts, and travel notifications failing to prevent card blocks, causing significant distress to customers abroad.
* **Service and Communication Gaps:** Customers express frustration with the ""runaround"" provided by support staff. Recurring complaints include long hold times, dismissive or unhelpful branch staff, and repeated broken promises regarding fee reversals. Many feel that the bank’s internal systems—such as those managing overdraft protection or account closures—are flawed or poorly integrated.
* **Impact of Sentiment:** The overarching sentiment is one of eroded trust. Many long-term customers (10+ years) feel undervalued and are explicitly threatening to close their accounts or escalate issues to financial ombudsmen or regulatory bodies if they do not receive prompt, transparent resolutions.

**Concrete Details:**
* **Products:** Checking accounts, savings accounts, credit cards, and debit cards.
* **Channels:** Issues occurred across multiple channels, including the mobile app, telephone support, and in-person branch visits (e.g., BR-BALI-017, BR-JAVA-013).
* **Desired Outcomes:** Customers are universally demanding immediate reversals of unauthorized fees, clear written explanations for billing discrepancies, and improved accountability. There is a strong call for the bank to implement better notification systems (e.g., real-time SMS/push alerts) and a more user-friendly process for disputing charges.

The feedback indicates a systemic disconnect between the bank's automated fee structures/security triggers and the customer’s experience, exacerbated by a support staff that often lacks the authority or information to resolve these disputes effectively on the first contact.",44
3,"This cluster of feedback reflects a high level of customer distress and loss of trust stemming from unauthorized account activity and perceived failures in the bank’s security and support infrastructure.

**Main Themes and Issues:**
*   **Unauthorized Activity:** Customers are reporting fraudulent charges on credit/debit cards and unauthorized transfers from checking accounts. Some report recurring login attempts despite security measures, while others are frustrated by denied fraud claims that they argue were clearly suspicious.
*   **Support Failures:** The most consistent pain point is the inability to reach the bank. Customers report excessive wait times (45–60+ minutes), frequent disconnections, and dismissive or unhelpful interactions with phone representatives. There is significant frustration regarding the lack of clear case tracking, reference numbers, or consistent communication.
*   **Security Protocol Skepticism:** Customers feel the bank’s fraud monitoring is reactive rather than proactive. Many expressed shock that high-value or geographically impossible transactions were not automatically flagged or blocked. There is a strong demand for transparency regarding how these breaches occurred and what systemic failures allowed them to bypass existing protections.
*   **Financial and Emotional Impact:** The incidents have caused significant anxiety, with customers fearing for their financial stability—especially when funds for essential payments (like mortgages) are involved. Customers are demanding temporary credits during investigations and fear that these events may damage their credit scores.

**Sentiment:**
The sentiment is overwhelmingly negative, characterized by anxiety, frustration, and a sense of betrayal among long-term customers (many citing 10+ years of tenure).

**Key Requests:**
*   Immediate investigation into fraudulent activity and reversal of unauthorized charges.
*   Issuance of new cards and provision of temporary credits during investigations.
*   Clear, step-by-step communication and access to senior or specialized fraud resolution staff.
*   Concrete explanations of security protocol failures and assurance of proactive, future-proof measures.
*   Many customers have explicitly threatened to escalate their cases to the banking ombudsman or switch financial institutions if their concerns are not addressed within 24–48 hours.",16
4,"This cluster of customer feedback reveals deep-seated frustration regarding the bank’s lending and administrative processes. The primary themes are characterized by a lack of transparency, poor internal coordination, and significant delays, which are collectively eroding customer trust and loyalty.

### Main Themes and Issues

*   **Lending Process Inefficiency:** Customers applying for mortgages and personal loans report severe delays, often extending weeks or months beyond initial estimates. Applications frequently stall in ""review"" queues without clear status updates.
*   **Communication Breakdown:** A recurring complaint is the ""runaround"" customers face when seeking status updates. Support channels often provide conflicting information, and promises of follow-up calls from supervisors or specialists frequently go unfulfilled.
*   **Lack of Transparency:** Customers express intense frustration with vague rejection criteria, confusing interest rate adjustments, and unclear fee structures. Many long-term customers feel undervalued, as they struggle to obtain explanations for discrepancies between advertised rates and their actual account terms.
*   **Administrative Errors:** There are multiple reports of internal systems failing to sync, such as documents provided to branches not reflecting in the central portal, and errors in interest rate calculations that contradict signed contracts.
*   **Logistical Failures:** Customers requesting replacement debit cards face significant, unexplained shipping delays, causing them to lose access to their funds while abroad or in their daily lives.

### Sentiment and Customer Impact
The sentiment is overwhelmingly negative. Customers—many of whom are loyal, long-term clients—feel treated like ""a number"" rather than valued partners. The lack of proactive communication during time-sensitive processes, such as property purchases, has caused significant financial stress, anxiety, and the potential for real-world losses (e.g., lost property deposits).

### Concrete Details
*   **Products:** Mortgage applications (renewals and new purchases), personal loans, and debit card replacements.
*   **Channels:** General customer service hotlines (cited for long hold times and unhelpful agents), online portals (lacking granular status tracking), and local branches (often unable to access or update central records).
*   **Impact:** Customers are increasingly threatening to escalate complaints to external bodies, such as the banking ombudsman, and are actively considering moving their business to competitors if their issues are not rectified immediately.",57
5,"This cluster highlights significant operational and service-related challenges across multiple bank branches. The feedback is overwhelmingly negative, characterized by frustration regarding long wait times, poor staff behavior, and malfunctioning technology.

**Main Themes:**

*   **Excessive Wait Times and Staffing:** The most prevalent complaint involves long queues, often exceeding 45 minutes to two hours, for simple tasks like check deposits or inquiries. Customers consistently report that only two tellers are typically working during peak hours, regardless of lobby volume, and suggest that management fails to align staffing levels with customer traffic.
*   **Unprofessional Staff Conduct:** Several customers reported dismissive, rude, or condescending behavior from front-line staff. Specific grievances include tellers ignoring customers, refusing to explain policies, appearing distracted/chatting with colleagues, and lacking the technical knowledge required to solve account issues.
*   **Technological Failure:** The lobby tablets meant to facilitate self-service (e.g., updating contact info, registration) are frequently described as ""laggy,"" ""unresponsive,"" or ""freezing."" Customers report that these devices often force them back into the manual queue, negating the intended efficiency.
*   **Inefficient Processes and Communication:** Customers applying for loans or mortgages face significant hurdles, including redundant documentation requests, lack of transparency regarding approval timelines, and poor coordination between branch staff and central departments. Digital channels, including the website and mobile app, are often described as cluttered or difficult to navigate for specific documents like tax statements.
*   **Infrastructure Issues:** Beyond the technology, there are reports of maintenance issues, such as broken automatic doors (impacting accessibility) and out-of-service ATMs, which further impede customer convenience.

**Sentiment and Impact:**
The sentiment is predominantly frustrated, disappointed, and disillusioned. Many long-term, loyal customers have explicitly stated that these experiences are causing them to reconsider their relationship with the bank. There is a strong demand for management to prioritize better resource allocation, professional conduct training, and a serious audit of internal workflows.

**Conclusion:**
The feedback indicates a systemic gap between the bank's reputation and the day-to-day reality at these branches. Customers value the institution but feel undervalued due to operational inefficiencies and inconsistent service, leading to a high risk of churn if improvements are not implemented.",66
